scored_at,days,from,to,symbol,side,setup,split,value,n,exp_1.5R
2026-10-07,12,2026-09-21,2026-10-06,ES,call,fade,open_vs_prior_range,in,2,-0.465
2026-10-07,12,2026-09-21,2026-10-06,ES,call,fade,open_vs_prior_range,out,2,-0.458
2026-10-07,12,2026-09-21,2026-10-06,ES,call,breakout,open_vs_prior_range,in,3,-0.167
2026-10-07,12,2026-09-21,2026-10-06,ES,call,breakout,open_vs_prior_range,out,2,1.5
2026-10-07,12,2026-09-21,2026-10-06,ES,put,fade,open_vs_prior_range,in,8,-0.299
2026-10-07,12,2026-09-21,2026-10-06,ES,put,breakout,open_vs_prior_range,in,6,0.25
2026-10-07,12,2026-09-21,2026-10-06,GC,call,fade,open_vs_prior_range,in,2,0.25
2026-10-07,12,2026-09-21,2026-10-06,GC,call,fade,open_vs_prior_range,out,2,1.295
2026-10-07,12,2026-09-21,2026-10-06,GC,call,breakout,open_vs_prior_range,in,2,-0.723
2026-10-07,12,2026-09-21,2026-10-06,GC,call,breakout,open_vs_prior_range,out,2,-0.822
2026-10-07,12,2026-09-21,2026-10-06,GC,put,fade,open_vs_prior_range,in,6,0.529
2026-10-07,12,2026-09-21,2026-10-06,GC,put,fade,open_vs_prior_range,out,4,-0.02
2026-10-07,12,2026-09-21,2026-10-06,GC,put,breakout,open_vs_prior_range,in,4,-0.375
2026-10-07,12,2026-09-21,2026-10-06,GC,put,breakout,open_vs_prior_range,out,4,0.25
2026-10-07,12,2026-09-21,2026-10-06,NQ,call,fade,open_vs_prior_range,in,4,0.25
2026-10-07,12,2026-09-21,2026-10-06,NQ,call,fade,open_vs_prior_range,out,4,-0.569
2026-10-07,12,2026-09-21,2026-10-06,NQ,call,breakout,open_vs_prior_range,in,4,0.25
2026-10-07,12,2026-09-21,2026-10-06,NQ,call,breakout,open_vs_prior_range,out,4,-0.375
2026-10-07,12,2026-09-21,2026-10-06,NQ,put,fade,open_vs_prior_range,in,4,0.875
2026-10-07,12,2026-09-21,2026-10-06,NQ,put,breakout,open_vs_prior_range,in,3,-0.167
2026-10-07,12,2026-09-21,2026-10-06,GC,both,rule_fade,entry_vs_flip,above,3,0.658
2026-10-07,12,2026-09-21,2026-10-06,GC,both,rule_fade,all,all,14,0.355
2026-10-07,12,2026-09-21,2026-10-06,GC,both,rule_fade,entry_vs_flip,below,11,0.273
2026-10-07,12,2026-09-21,2026-10-06,GC,both,rule_fade,regime,negative,11,0.455
2026-10-07,12,2026-09-21,2026-10-06,GC,both,rule_fade,regime,positive,3,-0.009
2026-10-07,12,2026-09-21,2026-10-06,GC,both,rule_breakout,entry_vs_flip,above,3,-0.877
2026-10-07,12,2026-09-21,2026-10-06,GC,both,rule_breakout,all,all,12,-0.43
2026-10-07,12,2026-09-21,2026-10-06,GC,both,rule_breakout,entry_vs_flip,below,9,-0.281
2026-10-07,12,2026-09-21,2026-10-06,GC,both,rule_breakout,regime,negative,9,-0.281
2026-10-07,12,2026-09-21,2026-10-06,GC,both,rule_breakout,regime,positive,3,-0.877
2026-10-07,12,2026-09-21,2026-10-06,NQ,both,rule_fade,entry_vs_flip,above,6,-0.333
2026-10-07,12,2026-09-21,2026-10-06,NQ,both,rule_fade,all,all,13,0.231
2026-10-07,12,2026-09-21,2026-10-06,NQ,both,rule_fade,entry_vs_flip,below,7,0.714
2026-10-07,12,2026-09-21,2026-10-06,NQ,both,rule_fade,regime,negative,4,1.0
2026-10-07,12,2026-09-21,2026-10-06,NQ,both,rule_fade,regime,positive,9,-0.111
2026-10-07,12,2026-09-21,2026-10-06,NQ,both,rule_breakout,entry_vs_flip,above,6,-0.333
2026-10-07,12,2026-09-21,2026-10-06,NQ,both,rule_breakout,all,all,11,-0.091
2026-10-07,12,2026-09-21,2026-10-06,NQ,both,rule_breakout,entry_vs_flip,below,5,0.2
2026-10-07,12,2026-09-21,2026-10-06,NQ,both,rule_breakout,regime,negative,3,-0.333
2026-10-07,12,2026-09-21,2026-10-06,NQ,both,rule_breakout,regime,positive,8,0.0
2026-10-07,12,2026-09-21,2026-10-06,ALL,both,orb_rangestop,all,all,36,0.088
2026-10-07,12,2026-09-21,2026-10-06,ALL,both,orb_rangestop,open_vs_flip,above,16,0.608
2026-10-07,12,2026-09-21,2026-10-06,ALL,both,orb_rangestop,open_vs_flip,below,20,-0.328
2026-10-07,12,2026-09-21,2026-10-06,ALL,both,orb_rangestop,regime,negative,13,-0.431
2026-10-07,12,2026-09-21,2026-10-06,ALL,both,orb_rangestop,regime,positive,23,0.382
2026-10-07,12,2026-09-21,2026-10-06,ALL,both,orb_rangestop,wall_in_path,blocked,24,-0.063
2026-10-07,12,2026-09-21,2026-10-06,ALL,both,orb_rangestop,wall_in_path,clear,12,0.391
2026-10-07,12,2026-09-21,2026-10-06,ALL,both,orb_midstop,all,all,36,0.181
2026-10-07,12,2026-09-21,2026-10-06,ALL,both,orb_midstop,open_vs_flip,above,16,0.655
2026-10-07,12,2026-09-21,2026-10-06,ALL,both,orb_midstop,open_vs_flip,below,20,-0.198
2026-10-07,12,2026-09-21,2026-10-06,ALL,both,orb_midstop,regime,negative,13,-0.038
2026-10-07,12,2026-09-21,2026-10-06,ALL,both,orb_midstop,regime,positive,23,0.305
2026-10-07,12,2026-09-21,2026-10-06,ALL,both,orb_midstop,wall_in_path,blocked,24,-0.142
2026-10-07,12,2026-09-21,2026-10-06,ALL,both,orb_midstop,wall_in_path,clear,12,0.828
2026-10-07,12,2026-09-21,2026-10-06,ES,both,orb_rangestop,all,all,12,0.246
2026-10-07,12,2026-09-21,2026-10-06,ES,both,orb_rangestop,open_vs_flip,above,9,0.662
2026-10-07,12,2026-09-21,2026-10-06,ES,both,orb_rangestop,open_vs_flip,below,3,-1.0
2026-10-07,12,2026-09-21,2026-10-06,ES,both,orb_rangestop,regime,negative,2,-0.421
2026-10-07,12,2026-09-21,2026-10-06,ES,both,orb_rangestop,regime,positive,10,0.38
2026-10-07,12,2026-09-21,2026-10-06,ES,both,orb_rangestop,wall_in_path,blocked,7,-0.292
2026-10-07,12,2026-09-21,2026-10-06,ES,both,orb_rangestop,wall_in_path,clear,5,1.0
2026-10-07,12,2026-09-21,2026-10-06,ES,both,orb_midstop,all,all,12,0.667
2026-10-07,12,2026-09-21,2026-10-06,ES,both,orb_midstop,open_vs_flip,above,9,0.667
2026-10-07,12,2026-09-21,2026-10-06,ES,both,orb_midstop,open_vs_flip,below,3,0.667
2026-10-07,12,2026-09-21,2026-10-06,ES,both,orb_midstop,regime,negative,2,1.5
2026-10-07,12,2026-09-21,2026-10-06,ES,both,orb_midstop,regime,positive,10,0.5
2026-10-07,12,2026-09-21,2026-10-06,ES,both,orb_midstop,wall_in_path,blocked,7,0.071
2026-10-07,12,2026-09-21,2026-10-06,ES,both,orb_midstop,wall_in_path,clear,5,1.5
2026-10-07,12,2026-09-21,2026-10-06,GC,both,orb_rangestop,all,all,12,-0.022
2026-10-07,12,2026-09-21,2026-10-06,GC,both,orb_rangestop,open_vs_flip,above,2,0.25
2026-10-07,12,2026-09-21,2026-10-06,GC,both,orb_rangestop,open_vs_flip,below,10,-0.076
2026-10-07,12,2026-09-21,2026-10-06,GC,both,orb_rangestop,regime,negative,7,-0.183
2026-10-07,12,2026-09-21,2026-10-06,GC,both,orb_rangestop,regime,positive,5,0.204
2026-10-07,12,2026-09-21,2026-10-06,GC,both,orb_rangestop,wall_in_path,blocked,8,0.155
2026-10-07,12,2026-09-21,2026-10-06,GC,both,orb_rangestop,wall_in_path,clear,4,-0.375
2026-10-07,12,2026-09-21,2026-10-06,GC,both,orb_midstop,all,all,12,-0.08
2026-10-07,12,2026-09-21,2026-10-06,GC,both,orb_midstop,open_vs_flip,above,2,0.25
2026-10-07,12,2026-09-21,2026-10-06,GC,both,orb_midstop,open_vs_flip,below,10,-0.146
2026-10-07,12,2026-09-21,2026-10-06,GC,both,orb_midstop,regime,negative,7,0.071
2026-10-07,12,2026-09-21,2026-10-06,GC,both,orb_midstop,regime,positive,5,-0.292
2026-10-07,12,2026-09-21,2026-10-06,GC,both,orb_midstop,wall_in_path,blocked,8,-0.245
2026-10-07,12,2026-09-21,2026-10-06,GC,both,orb_midstop,wall_in_path,clear,4,0.25
2026-10-07,12,2026-09-21,2026-10-06,NQ,both,orb_rangestop,all,all,12,0.04
2026-10-07,12,2026-09-21,2026-10-06,NQ,both,orb_rangestop,open_vs_flip,above,5,0.655
2026-10-07,12,2026-09-21,2026-10-06,NQ,both,orb_rangestop,open_vs_flip,below,7,-0.399
2026-10-07,12,2026-09-21,2026-10-06,NQ,both,orb_rangestop,regime,negative,4,-0.869
2026-10-07,12,2026-09-21,2026-10-06,NQ,both,orb_rangestop,regime,positive,8,0.495
2026-10-07,12,2026-09-21,2026-10-06,NQ,both,orb_rangestop,wall_in_path,blocked,9,-0.079
2026-10-07,12,2026-09-21,2026-10-06,NQ,both,orb_rangestop,wall_in_path,clear,3,0.398
2026-10-07,12,2026-09-21,2026-10-06,NQ,both,orb_midstop,all,all,12,-0.043
2026-10-07,12,2026-09-21,2026-10-06,NQ,both,orb_midstop,open_vs_flip,above,5,0.797
2026-10-07,12,2026-09-21,2026-10-06,NQ,both,orb_midstop,open_vs_flip,below,7,-0.643
2026-10-07,12,2026-09-21,2026-10-06,NQ,both,orb_midstop,regime,negative,4,-1.0
2026-10-07,12,2026-09-21,2026-10-06,NQ,both,orb_midstop,regime,positive,8,0.436
2026-10-07,12,2026-09-21,2026-10-06,NQ,both,orb_midstop,wall_in_path,blocked,9,-0.216
2026-10-07,12,2026-09-21,2026-10-06,NQ,both,orb_midstop,wall_in_path,clear,3,0.477
2026-10-10,15,2026-09-21,2026-10-09,ES,call,fade,open_vs_prior_range,in,5,0.0
2026-10-10,15,2026-09-21,2026-10-09,ES,call,fade,open_vs_prior_range,out,2,-1.0
2026-10-10,15,2026-09-21,2026-10-09,ES,call,breakout,open_vs_prior_range,in,5,0.5
2026-10-10,15,2026-09-21,2026-10-09,ES,call,breakout,open_vs_prior_range,out,2,1.5
2026-10-10,15,2026-09-21,2026-10-09,ES,put,fade,open_vs_prior_range,in,10,-0.27
2026-10-10,15,2026-09-21,2026-10-09,ES,put,breakout,open_vs_prior_range,in,8,0.25
2026-10-10,15,2026-09-21,2026-10-09,GC,call,fade,open_vs_prior_range,in,2,0.25
2026-10-10,15,2026-09-21,2026-10-09,GC,call,fade,open_vs_prior_range,out,2,1.295
2026-10-10,15,2026-09-21,2026-10-09,GC,call,breakout,open_vs_prior_range,in,2,-0.723
2026-10-10,15,2026-09-21,2026-10-09,GC,call,breakout,open_vs_prior_range,out,2,-0.822
2026-10-10,15,2026-09-21,2026-10-09,GC,put,fade,open_vs_prior_range,in,6,0.529
2026-10-10,15,2026-09-21,2026-10-09,GC,put,fade,open_vs_prior_range,out,4,-0.02
2026-10-10,15,2026-09-21,2026-10-09,GC,put,breakout,open_vs_prior_range,in,4,-0.375
2026-10-10,15,2026-09-21,2026-10-09,GC,put,breakout,open_vs_prior_range,out,4,0.25
2026-10-10,15,2026-09-21,2026-10-09,NQ,call,fade,open_vs_prior_range,in,5,0.235
2026-10-10,15,2026-09-21,2026-10-09,NQ,call,fade,open_vs_prior_range,out,6,-1.0
2026-10-10,15,2026-09-21,2026-10-09,NQ,call,breakout,open_vs_prior_range,in,5,0.164
2026-10-10,15,2026-09-21,2026-10-09,NQ,call,breakout,open_vs_prior_range,out,6,0.046
2026-10-10,15,2026-09-21,2026-10-09,NQ,put,fade,open_vs_prior_range,in,5,1.0
2026-10-10,15,2026-09-21,2026-10-09,NQ,put,breakout,open_vs_prior_range,in,4,0.25
2026-10-10,15,2026-09-21,2026-10-09,ES,both,rule_fade,entry_vs_flip,above,12,-0.167
2026-10-10,15,2026-09-21,2026-10-09,ES,both,rule_fade,all,all,18,-0.3
2026-10-10,15,2026-09-21,2026-10-09,ES,both,rule_fade,entry_vs_flip,below,6,-0.566
2026-10-10,15,2026-09-21,2026-10-09,ES,both,rule_fade,regime,negative,2,-1.0
2026-10-10,15,2026-09-21,2026-10-09,ES,both,rule_fade,regime,positive,16,-0.212
2026-10-10,15,2026-09-21,2026-10-09,ES,both,rule_breakout,entry_vs_flip,above,9,0.333
2026-10-10,15,2026-09-21,2026-10-09,ES,both,rule_breakout,all,all,15,0.2
2026-10-10,15,2026-09-21,2026-10-09,ES,both,rule_breakout,entry_vs_flip,below,6,0.0
2026-10-10,15,2026-09-21,2026-10-09,ES,both,rule_breakout,regime,negative,2,-1.0
2026-10-10,15,2026-09-21,2026-10-09,ES,both,rule_breakout,regime,positive,13,0.385
2026-10-10,15,2026-09-21,2026-10-09,GC,both,rule_fade,entry_vs_flip,above,3,0.658
2026-10-10,15,2026-09-21,2026-10-09,GC,both,rule_fade,all,all,14,0.355
2026-10-10,15,2026-09-21,2026-10-09,GC,both,rule_fade,entry_vs_flip,below,11,0.273
2026-10-10,15,2026-09-21,2026-10-09,GC,both,rule_fade,regime,negative,11,0.455
2026-10-10,15,2026-09-21,2026-10-09,GC,both,rule_fade,regime,positive,3,-0.009
2026-10-10,15,2026-09-21,2026-10-09,GC,both,rule_breakout,entry_vs_flip,above,3,-0.877
2026-10-10,15,2026-09-21,2026-10-09,GC,both,rule_breakout,all,all,12,-0.43
2026-10-10,15,2026-09-21,2026-10-09,GC,both,rule_breakout,entry_vs_flip,below,9,-0.281
2026-10-10,15,2026-09-21,2026-10-09,GC,both,rule_breakout,regime,negative,9,-0.281
2026-10-10,15,2026-09-21,2026-10-09,GC,both,rule_breakout,regime,positive,3,-0.877
2026-10-10,15,2026-09-21,2026-10-09,NQ,both,rule_fade,entry_vs_flip,above,9,0.033
2026-10-10,15,2026-09-21,2026-10-09,NQ,both,rule_fade,all,all,17,0.37
2026-10-10,15,2026-09-21,2026-10-09,NQ,both,rule_fade,entry_vs_flip,below,8,0.75
2026-10-10,15,2026-09-21,2026-10-09,NQ,both,rule_fade,regime,negative,4,1.0
2026-10-10,15,2026-09-21,2026-10-09,NQ,both,rule_fade,regime,positive,13,0.176
2026-10-10,15,2026-09-21,2026-10-09,NQ,both,rule_breakout,entry_vs_flip,above,9,-0.256
2026-10-10,15,2026-09-21,2026-10-09,NQ,both,rule_breakout,all,all,15,-0.02
2026-10-10,15,2026-09-21,2026-10-09,NQ,both,rule_breakout,entry_vs_flip,below,6,0.333
2026-10-10,15,2026-09-21,2026-10-09,NQ,both,rule_breakout,regime,negative,3,-0.333
2026-10-10,15,2026-09-21,2026-10-09,NQ,both,rule_breakout,regime,positive,12,0.058
2026-10-10,15,2026-09-21,2026-10-09,ALL,both,orb_rangestop,all,all,45,0.015
2026-10-10,15,2026-09-21,2026-10-09,ALL,both,orb_rangestop,open_vs_flip,above,18,0.529
2026-10-10,15,2026-09-21,2026-10-09,ALL,both,orb_rangestop,open_vs_flip,below,27,-0.328
2026-10-10,15,2026-09-21,2026-10-09,ALL,both,orb_rangestop,regime,negative,17,-0.541
2026-10-10,15,2026-09-21,2026-10-09,ALL,both,orb_rangestop,regime,positive,28,0.352
2026-10-10,15,2026-09-21,2026-10-09,ALL,both,orb_rangestop,wall_in_path,blocked,32,-0.095
2026-10-10,15,2026-09-21,2026-10-09,ALL,both,orb_rangestop,wall_in_path,clear,13,0.284
2026-10-10,15,2026-09-21,2026-10-09,ALL,both,orb_midstop,all,all,45,0.112
2026-10-10,15,2026-09-21,2026-10-09,ALL,both,orb_midstop,open_vs_flip,above,18,0.61
2026-10-10,15,2026-09-21,2026-10-09,ALL,both,orb_midstop,open_vs_flip,below,27,-0.221
2026-10-10,15,2026-09-21,2026-10-09,ALL,both,orb_midstop,regime,negative,17,-0.265
2026-10-10,15,2026-09-21,2026-10-09,ALL,both,orb_midstop,regime,positive,28,0.34
2026-10-10,15,2026-09-21,2026-10-09,ALL,both,orb_midstop,wall_in_path,blocked,32,-0.122
2026-10-10,15,2026-09-21,2026-10-09,ALL,both,orb_midstop,wall_in_path,clear,13,0.687
2026-10-10,15,2026-09-21,2026-10-09,ES,both,orb_rangestop,all,all,15,0.117
2026-10-10,15,2026-09-21,2026-10-09,ES,both,orb_rangestop,open_vs_flip,above,10,0.675
2026-10-10,15,2026-09-21,2026-10-09,ES,both,orb_rangestop,open_vs_flip,below,5,-1.0
2026-10-10,15,2026-09-21,2026-10-09,ES,both,orb_rangestop,regime,negative,3,-0.614
2026-10-10,15,2026-09-21,2026-10-09,ES,both,orb_rangestop,regime,positive,12,0.3
2026-10-10,15,2026-09-21,2026-10-09,ES,both,orb_rangestop,wall_in_path,blocked,9,-0.25
2026-10-10,15,2026-09-21,2026-10-09,ES,both,orb_rangestop,wall_in_path,clear,6,0.667
2026-10-10,15,2026-09-21,2026-10-09,ES,both,orb_midstop,all,all,15,0.5
2026-10-10,15,2026-09-21,2026-10-09,ES,both,orb_midstop,open_vs_flip,above,10,0.75
2026-10-10,15,2026-09-21,2026-10-09,ES,both,orb_midstop,open_vs_flip,below,5,0.0
2026-10-10,15,2026-09-21,2026-10-09,ES,both,orb_midstop,regime,negative,3,0.667
2026-10-10,15,2026-09-21,2026-10-09,ES,both,orb_midstop,regime,positive,12,0.458
2026-10-10,15,2026-09-21,2026-10-09,ES,both,orb_midstop,wall_in_path,blocked,9,0.111
2026-10-10,15,2026-09-21,2026-10-09,ES,both,orb_midstop,wall_in_path,clear,6,1.083
2026-10-10,15,2026-09-21,2026-10-09,GC,both,orb_rangestop,all,all,15,-0.051
2026-10-10,15,2026-09-21,2026-10-09,GC,both,orb_rangestop,open_vs_flip,above,2,0.25
2026-10-10,15,2026-09-21,2026-10-09,GC,both,orb_rangestop,open_vs_flip,below,13,-0.097
2026-10-10,15,2026-09-21,2026-10-09,GC,both,orb_rangestop,regime,negative,9,-0.364
2026-10-10,15,2026-09-21,2026-10-09,GC,both,orb_rangestop,regime,positive,6,0.42
2026-10-10,15,2026-09-21,2026-10-09,GC,both,orb_rangestop,wall_in_path,blocked,11,0.067
2026-10-10,15,2026-09-21,2026-10-09,GC,both,orb_rangestop,wall_in_path,clear,4,-0.375
2026-10-10,15,2026-09-21,2026-10-09,GC,both,orb_midstop,all,all,15,-0.097
2026-10-10,15,2026-09-21,2026-10-09,GC,both,orb_midstop,open_vs_flip,above,2,0.25
2026-10-10,15,2026-09-21,2026-10-09,GC,both,orb_midstop,open_vs_flip,below,13,-0.151
2026-10-10,15,2026-09-21,2026-10-09,GC,both,orb_midstop,regime,negative,9,-0.167
2026-10-10,15,2026-09-21,2026-10-09,GC,both,orb_midstop,regime,positive,6,0.006
2026-10-10,15,2026-09-21,2026-10-09,GC,both,orb_midstop,wall_in_path,blocked,11,-0.224
2026-10-10,15,2026-09-21,2026-10-09,GC,both,orb_midstop,wall_in_path,clear,4,0.25
2026-10-10,15,2026-09-21,2026-10-09,NQ,both,orb_rangestop,all,all,15,-0.022
2026-10-10,15,2026-09-21,2026-10-09,NQ,both,orb_rangestop,open_vs_flip,above,6,0.379
2026-10-10,15,2026-09-21,2026-10-09,NQ,both,orb_rangestop,open_vs_flip,below,9,-0.289
2026-10-10,15,2026-09-21,2026-10-09,NQ,both,orb_rangestop,regime,negative,5,-0.816
2026-10-10,15,2026-09-21,2026-10-09,NQ,both,orb_rangestop,regime,positive,10,0.375
2026-10-10,15,2026-09-21,2026-10-09,NQ,both,orb_rangestop,wall_in_path,blocked,12,-0.127
2026-10-10,15,2026-09-21,2026-10-09,NQ,both,orb_rangestop,wall_in_path,clear,3,0.398
2026-10-10,15,2026-09-21,2026-10-09,NQ,both,orb_midstop,all,all,15,-0.068
2026-10-10,15,2026-09-21,2026-10-09,NQ,both,orb_midstop,open_vs_flip,above,6,0.497
2026-10-10,15,2026-09-21,2026-10-09,NQ,both,orb_midstop,open_vs_flip,below,9,-0.444
2026-10-10,15,2026-09-21,2026-10-09,NQ,both,orb_midstop,regime,negative,5,-1.0
2026-10-10,15,2026-09-21,2026-10-09,NQ,both,orb_midstop,regime,positive,10,0.398
2026-10-10,15,2026-09-21,2026-10-09,NQ,both,orb_midstop,wall_in_path,blocked,12,-0.204
2026-10-10,15,2026-09-21,2026-10-09,NQ,both,orb_midstop,wall_in_path,clear,3,0.477
