scored_at,days,from,to,symbol,side,setup,n,rate,stop_pct,exp_1.5R,win_1.5R,n_wall,exp_wall,win_wall,avg_target_r
2026-10-06,11,2026-09-21,2026-10-05,ES,call,fade,5,0.312,0.217,-0.304,0.2
2026-10-06,11,2026-09-21,2026-10-05,ES,call,breakout,5,0.312,0.1,0.5,0.6
2026-10-06,11,2026-09-21,2026-10-05,ES,put,fade,8,0.4,0.152,-0.062,0.375
2026-10-06,11,2026-09-21,2026-10-05,ES,put,breakout,7,0.35,0.1,0.219,0.429
2026-10-06,11,2026-09-21,2026-10-05,GC,call,fade,2,0.095,0.179,0.25,0.5
2026-10-06,11,2026-09-21,2026-10-05,GC,call,breakout,2,0.095,0.321,-0.776,0.0
2026-10-06,11,2026-09-21,2026-10-05,GC,put,fade,10,0.556,0.268,0.276,0.4
2026-10-06,11,2026-09-21,2026-10-05,GC,put,breakout,8,0.444,0.134,-0.063,0.375
2026-10-06,11,2026-09-21,2026-10-05,NQ,call,fade,8,0.444,0.214,-0.062,0.375
2026-10-06,11,2026-09-21,2026-10-05,NQ,call,breakout,7,0.389,0.179,0.071,0.429
2026-10-06,11,2026-09-21,2026-10-05,NQ,put,fade,4,0.19,0.131,0.875,0.75
2026-10-06,11,2026-09-21,2026-10-05,NQ,put,breakout,3,0.143,0.202,-0.167,0.333
2026-10-07,12,2026-09-21,2026-10-06,ES,call,fade,5,0.312,0.217,-0.069,0.2,5,0.344,0.2,2.84
2026-10-07,12,2026-09-21,2026-10-06,ES,call,breakout,5,0.312,0.1,0.5,0.6,5,-0.14,0.0,6.25
2026-10-07,12,2026-09-21,2026-10-06,ES,put,fade,8,0.364,0.131,-0.299,0.25,8,0.083,0.125,3.73
2026-10-07,12,2026-09-21,2026-10-06,ES,put,breakout,6,0.273,0.133,0.25,0.5,6,0.324,0.333,3.1
2026-10-07,12,2026-09-21,2026-10-06,GC,call,fade,4,0.174,0.172,0.772,0.5,4,0.154,0.25,3.41
2026-10-07,12,2026-09-21,2026-10-06,GC,call,breakout,4,0.174,0.321,-0.772,0.0,4,-0.772,0.0,1.88
2026-10-07,12,2026-09-21,2026-10-06,GC,put,fade,10,0.5,0.268,0.31,0.4,10,0.586,0.2,4.48
2026-10-07,12,2026-09-21,2026-10-06,GC,put,breakout,8,0.4,0.134,-0.062,0.375,8,0.06,0.25,4.1
2026-10-07,12,2026-09-21,2026-10-06,NQ,call,fade,9,0.474,0.25,0.025,0.333,9,0.401,0.333,2.49
2026-10-07,12,2026-09-21,2026-10-06,NQ,call,breakout,8,0.421,0.218,-0.062,0.375,7,-0.034,0.286,2.11
2026-10-07,12,2026-09-21,2026-10-06,NQ,put,fade,4,0.174,0.131,0.875,0.75,4,2.323,0.5,4.05
2026-10-07,12,2026-09-21,2026-10-06,NQ,put,breakout,3,0.13,0.205,-0.167,0.333,3,-1.0,0.0,2.48
2026-10-10,15,2026-09-21,2026-10-09,ES,call,fade,8,0.364,0.1,-0.062,0.375,8,-0.114,0.25,3.54
2026-10-10,15,2026-09-21,2026-10-09,ES,call,breakout,7,0.318,0.1,0.786,0.714,7,0.228,0.286,4.79
2026-10-10,15,2026-09-21,2026-10-09,ES,put,fade,10,0.357,0.438,-0.27,0.1,10,-0.272,0.1,1.45
2026-10-10,15,2026-09-21,2026-10-09,ES,put,breakout,8,0.286,0.133,0.25,0.5,8,0.278,0.375,2.76
2026-10-10,15,2026-09-21,2026-10-09,GC,call,fade,4,0.148,0.172,0.772,0.5,4,0.154,0.25,3.41
2026-10-10,15,2026-09-21,2026-10-09,GC,call,breakout,4,0.148,0.321,-0.772,0.0,4,-0.772,0.0,1.88
2026-10-10,15,2026-09-21,2026-10-09,GC,put,fade,10,0.417,0.268,0.31,0.4,10,0.586,0.2,4.48
2026-10-10,15,2026-09-21,2026-10-09,GC,put,breakout,8,0.333,0.134,-0.062,0.375,8,0.06,0.25,4.1
2026-10-10,15,2026-09-21,2026-10-09,NQ,call,fade,12,0.48,0.214,-0.277,0.25,12,0.116,0.25,2.55
2026-10-10,15,2026-09-21,2026-10-09,NQ,call,breakout,11,0.44,0.218,0.1,0.364,10,0.086,0.3,1.92
2026-10-10,15,2026-09-21,2026-10-09,NQ,put,fade,5,0.185,0.131,1.0,0.8,5,2.258,0.6,3.64
2026-10-10,15,2026-09-21,2026-10-09,NQ,put,breakout,4,0.148,0.12,0.25,0.5,4,0.529,0.25,4.46
